Target.ID,Genotype
rs10007810,GG
rs10108270,CC
rs10236187,AC
rs1040045,AA
rs1040404,NN
rs10496971,TT
rs10497191,CC
rs10511828,TT
rs10512572,GG
rs10513300,CT
rs1079597,CT
rs10839880,TT
rs10954737,TT
rs11227699,GG
rs11652805,CT
rs12130799,AA
rs1229984,CC
rs12439433,NN
rs12498138,GG
rs12544346,AG
rs12629908,GG
rs12657828,AA
rs12913832,AA
rs1296819,CC
rs1325502,AA
rs13400937,GT
rs1369093,TT
rs1407434,GG
rs1426654,AG
rs1462906,CC
rs1471939,TT
rs1500127,CC
rs1503767,TT
rs1513056,AG
rs1513181,GG
rs1569175,CC
rs1572018,CC
rs16891982,NN
rs174570,NN
rs1760921,TT
rs17642714,AA
rs1800414,TT
rs1834619,GG
rs1837606,TT
rs1871428,AA
rs1871534,GG
rs1876482,GG
rs1879488,CC
rs192655,AG
rs1950993,TT
rs2001907,CC
rs200354,GG
rs2024566,AG
rs2030763,GG
rs2033111,AA
rs2042762,TT
rs2070586,AG
rs2073821,CC
rs2125345,CC
rs214678,TT
rs2166624,GG
rs2196051,AG
rs2238151,CC
rs2306040,TT
rs2330442,GG
rs2357442,AA
rs2416791,GG
rs2504853,CT
rs2532060,NN
rs2593595,AA
rs260690,AA
rs2627037,GG
rs2702414,GG
rs2814778,TT
rs2835370,TT
rs2899826,AA
rs2946788,NN
rs2966849,GG
rs2986742,CT
rs310644,TT
rs3118378,AA
rs316598,TT
rs316873,CT
rs32314,CT
rs37369,CC
rs3737576,TT
rs3745099,AG
rs3784230,AA
rs3793451,CC
rs3793791,TT
rs3811801,NN
rs3814134,AA
rs3823159,AA
rs3827760,AA
rs385194,AG
rs3907047,TT
rs3916235,CC
rs3943253,GG
rs4411548,CC
rs4458655,NN
rs4463276,GG
rs4471745,GG
rs459920,CT
rs4666200,AG
rs4670767,GG
rs4717865,GG
rs4746136,AA
rs4781011,GG
rs4798812,GG
rs4821004,CC
rs4833103,CC
rs4880436,CC
rs4891825,AA
rs4908343,NN
rs4918664,AA
rs4918842,CT
rs4951629,TT
rs4955316,GG
rs4984913,NN
rs5768007,CC
rs6104567,NN
rs6422347,CT
rs6451722,NN
rs6464211,CC
rs647325,AA
rs6541030,GG
rs6548616,TT
rs6556352,NN
rs671,GG
rs6754311,CC
rs6990312,GT
rs705308,AC
rs7226659,GG
rs7238445,AG
rs7251928,AA
rs731257,GG
rs7326934,GG
rs734873,GG
rs735480,TT
rs7421394,AG
rs7554936,CT
rs7657799,TT
rs7722456,TT
rs772262,NN
rs7745461,AG
rs7803075,AG
rs7844723,CC
rs798443,AA
rs7997709,NN
rs8021730,GT
rs8035124,AA
rs8113143,AC
rs818386,CC
rs870347,AA
rs874299,CT
rs881728,AC
rs917115,TT
rs9291090,AA
rs9319336,TT
rs946918,GG
rs948028,CC
rs9522149,CT
rs9530435,NN
rs9809104,TT
rs9845457,AG
