Target.ID,Genotype
rs10007810,AG
rs10108270,AC
rs10236187,AA
rs1040045,AG
rs1040404,GG
rs10496971,TT
rs10497191,CC
rs10511828,TT
rs10512572,GG
rs10513300,TT
rs1079597,CC
rs10839880,TT
rs10954737,TT
rs11227699,GG
rs11652805,TT
rs12130799,AA
rs1229984,CC
rs12439433,AA
rs12498138,GG
rs12544346,AA
rs12629908,GG
rs12657828,AA
rs12913832,GG
rs1296819,NN
rs1325502,GG
rs13400937,TT
rs1369093,TT
rs1407434,GG
rs1426654,AA
rs1462906,CC
rs1471939,TT
rs1500127,CC
rs1503767,TT
rs1513056,AG
rs1513181,GG
rs1569175,CT
rs1572018,CC
rs16891982,GG
rs174570,CC
rs1760921,TT
rs17642714,AA
rs1800414,TT
rs1834619,GG
rs1837606,TT
rs1871428,GG
rs1871534,GG
rs1876482,AG
rs1879488,NN
rs192655,AA
rs1950993,GG
rs2001907,CC
rs200354,GG
rs2024566,GG
rs2030763,GG
rs2033111,AG
rs2042762,TT
rs2070586,GG
rs2073821,CC
rs2125345,CT
rs214678,TT
rs2166624,GG
rs2196051,AG
rs2238151,CT
rs2306040,TT
rs2330442,AA
rs2357442,AC
rs2416791,GG
rs2504853,CT
rs2532060,CC
rs2593595,AA
rs260690,AA
rs2627037,GG
rs2702414,AG
rs2814778,TT
rs2835370,TT
rs2899826,AA
rs2946788,TT
rs2966849,GG
rs2986742,CT
rs310644,TT
rs3118378,AA
rs316598,TT
rs316873,CC
rs32314,CT
rs37369,CC
rs3737576,TT
rs3745099,AA
rs3784230,AA
rs3793451,CC
rs3793791,TT
rs3811801,GG
rs3814134,AA
rs3823159,NN
rs3827760,AA
rs385194,AA
rs3907047,TT
rs3916235,CC
rs3943253,AA
rs4411548,CT
rs4458655,CT
rs4463276,AG
rs4471745,AG
rs459920,CC
rs4666200,AA
rs4670767,GG
rs4717865,GG
rs4746136,GG
rs4781011,GG
rs4798812,AG
rs4821004,CT
rs4833103,CC
rs4880436,CC
rs4891825,AA
rs4908343,NN
rs4918664,AA
rs4918842,TT
rs4951629,TT
rs4955316,TT
rs4984913,AA
rs5768007,CC
rs6104567,GG
rs6422347,TT
rs6451722,GG
rs6464211,CC
rs647325,AA
rs6541030,GG
rs6548616,CT
rs6556352,CT
rs671,GG
rs6754311,TT
rs6990312,GG
rs705308,AC
rs7226659,GG
rs7238445,AG
rs7251928,AA
rs731257,GG
rs7326934,GG
rs734873,GG
rs735480,TT
rs7421394,AG
rs7554936,TT
rs7657799,TT
rs7722456,CT
rs772262,GG
rs7745461,GG
rs7803075,GG
rs7844723,CT
rs798443,AA
rs7997709,CT
rs8021730,GG
rs8035124,AA
rs8113143,AC
rs818386,CT
rs870347,AA
rs874299,CT
rs881728,CC
rs917115,CT
rs9291090,AA
rs9319336,TT
rs946918,GG
rs948028,AC
rs9522149,CC
rs9530435,CT
rs9809104,CT
rs9845457,AG
