Target.ID,Genotype
rs10007810,AG
rs10108270,CC
rs10236187,AA
rs1040045,AA
rs1040404,AG
rs10496971,TT
rs10497191,CC
rs10511828,CT
rs10512572,AG
rs10513300,TT
rs1079597,CT
rs10839880,TT
rs10954737,CT
rs11227699,GG
rs11652805,CT
rs12130799,AA
rs1229984,CC
rs12439433,AG
rs12498138,AG
rs12544346,AG
rs12629908,GG
rs12657828,AG
rs12913832,AG
rs1296819,NN
rs1325502,AG
rs13400937,TT
rs1369093,TT
rs1407434,GG
rs1426654,GG
rs1462906,CC
rs1471939,CT
rs1500127,CT
rs1503767,NN
rs1513056,AG
rs1513181,GG
rs1569175,CT
rs1572018,CT
rs16891982,NN
rs174570,TT
rs1760921,CC
rs17642714,AA
rs1800414,TT
rs1834619,AA
rs1837606,CT
rs1871428,GG
rs1871534,GG
rs1876482,GG
rs1879488,AC
rs192655,AG
rs1950993,GT
rs2001907,CT
rs200354,TT
rs2024566,AG
rs2030763,GG
rs2033111,AA
rs2042762,CC
rs2070586,AG
rs2073821,CC
rs2125345,CT
rs214678,CC
rs2166624,AG
rs2196051,GG
rs2238151,CT
rs2306040,TT
rs2330442,AA
rs2357442,CC
rs2416791,AA
rs2504853,CT
rs2532060,CT
rs2593595,AA
rs260690,CC
rs2627037,GG
rs2702414,AG
rs2814778,TT
rs2835370,CC
rs2899826,AG
rs2946788,TT
rs2966849,AA
rs2986742,TT
rs310644,TT
rs3118378,AG
rs316598,TT
rs316873,CC
rs32314,CC
rs37369,CC
rs3737576,TT
rs3745099,AA
rs3784230,AA
rs3793451,CT
rs3793791,TT
rs3811801,GG
rs3814134,AA
rs3823159,AA
rs3827760,AG
rs385194,AG
rs3907047,TT
rs3916235,NN
rs3943253,AA
rs4411548,CT
rs4458655,CT
rs4463276,GG
rs4471745,GG
rs459920,TT
rs4666200,AA
rs4670767,GT
rs4717865,AG
rs4746136,AG
rs4781011,TT
rs4798812,GG
rs4821004,CT
rs4833103,NN
rs4880436,CC
rs4891825,AA
rs4908343,AA
rs4918664,AG
rs4918842,CT
rs4951629,CT
rs4955316,GT
rs4984913,AG
rs5768007,CT
rs6104567,GG
rs6422347,CT
rs6451722,GG
rs6464211,TT
rs647325,GG
rs6541030,GG
rs6548616,TT
rs6556352,NN
rs671,GG
rs6754311,CC
rs6990312,GG
rs705308,AC
rs7226659,GT
rs7238445,AG
rs7251928,AA
rs731257,AG
rs7326934,GG
rs734873,GG
rs735480,CT
rs7421394,GG
rs7554936,TT
rs7657799,TT
rs7722456,TT
rs772262,GG
rs7745461,AG
rs7803075,AA
rs7844723,CT
rs798443,AG
rs7997709,CC
rs8021730,TT
rs8035124,NN
rs8113143,CC
rs818386,CT
rs870347,AC
rs874299,CT
rs881728,CC
rs917115,CC
rs9291090,AC
rs9319336,TT
rs946918,GT
rs948028,CC
rs9522149,TT
rs9530435,CC
rs9809104,TT
rs9845457,AG
