Target.ID,Genotype
rs10007810,GG
rs10108270,CC
rs10236187,CC
rs1040045,AG
rs1040404,AA
rs10496971,TT
rs10497191,CC
rs10511828,TT
rs10512572,GG
rs10513300,TT
rs1079597,CC
rs10839880,TT
rs10954737,TT
rs11227699,GG
rs11652805,TT
rs12130799,AA
rs1229984,CT
rs12439433,AA
rs12498138,GG
rs12544346,AG
rs12629908,GG
rs12657828,AA
rs12913832,AG
rs1296819,CC
rs1325502,AG
rs13400937,GT
rs1369093,TT
rs1407434,GG
rs1426654,AA
rs1462906,CC
rs1471939,TT
rs1500127,CC
rs1503767,TT
rs1513056,GG
rs1513181,GG
rs1569175,TT
rs1572018,CC
rs16891982,GG
rs174570,CC
rs1760921,TT
rs17642714,AT
rs1800414,TT
rs1834619,GG
rs1837606,TT
rs1871428,GG
rs1871534,GG
rs1876482,GG
rs1879488,CC
rs192655,AG
rs1950993,GG
rs2001907,CT
rs200354,GG
rs2024566,AG
rs2030763,AG
rs2033111,AA
rs2042762,TT
rs2070586,AG
rs2073821,CC
rs2125345,CC
rs214678,TT
rs2166624,AG
rs2196051,AG
rs2238151,CT
rs2306040,TT
rs2330442,AG
rs2357442,AA
rs2416791,GG
rs2504853,TT
rs2532060,CT
rs2593595,AG
rs260690,AA
rs2627037,GG
rs2702414,GG
rs2814778,TT
rs2835370,TT
rs2899826,AG
rs2946788,TT
rs2966849,GG
rs2986742,CT
rs310644,TT
rs3118378,AA
rs316598,CT
rs316873,CC
rs32314,CT
rs37369,CC
rs3737576,TT
rs3745099,AA
rs3784230,AA
rs3793451,CT
rs3793791,TT
rs3811801,GG
rs3814134,AA
rs3823159,AA
rs3827760,AA
rs385194,GG
rs3907047,TT
rs3916235,CC
rs3943253,AA
rs4411548,CC
rs4458655,TT
rs4463276,AG
rs4471745,GG
rs459920,CT
rs4666200,AA
rs4670767,GT
rs4717865,GG
rs4746136,GG
rs4781011,GT
rs4798812,AG
rs4821004,CT
rs4833103,CC
rs4880436,CC
rs4891825,AA
rs4908343,AA
rs4918664,AA
rs4918842,CT
rs4951629,TT
rs4955316,TT
rs4984913,AA
rs5768007,CC
rs6104567,TT
rs6422347,CT
rs6451722,AG
rs6464211,CC
rs647325,AA
rs6541030,GG
rs6548616,CT
rs6556352,CT
rs671,GG
rs6754311,CC
rs6990312,GT
rs705308,AC
rs7226659,GT
rs7238445,GG
rs7251928,AC
rs731257,GG
rs7326934,GG
rs734873,AG
rs735480,TT
rs7421394,AA
rs7554936,TT
rs7657799,TT
rs7722456,TT
rs772262,GG
rs7745461,AG
rs7803075,AG
rs7844723,CT
rs798443,AG
rs7997709,TT
rs8021730,GT
rs8035124,AA
rs8113143,CC
rs818386,CT
rs870347,AA
rs874299,TT
rs881728,AC
rs917115,TT
rs9291090,AA
rs9319336,TT
rs946918,GG
rs948028,AA
rs9522149,TT
rs9530435,CC
rs9809104,TT
rs9845457,AA
