Target.ID,Genotype
rs10007810,AG
rs10108270,AC
rs10236187,AA
rs1040045,AA
rs1040404,AG
rs10496971,TT
rs10497191,CT
rs10511828,TT
rs10512572,NN
rs10513300,TT
rs1079597,CT
rs10839880,NN
rs10954737,TT
rs11227699,AA
rs11652805,TT
rs12130799,AA
rs1229984,CC
rs12439433,AA
rs12498138,GG
rs12544346,AA
rs12629908,GG
rs12657828,AA
rs12913832,AG
rs1296819,NN
rs1325502,AG
rs13400937,TT
rs1369093,TT
rs1407434,GG
rs1426654,AA
rs1462906,TT
rs1471939,CT
rs1500127,CC
rs1503767,GT
rs1513056,GG
rs1513181,GG
rs1569175,CT
rs1572018,CT
rs16891982,NN
rs174570,CC
rs1760921,CT
rs17642714,AA
rs1800414,TT
rs1834619,GG
rs1837606,CT
rs1871428,AA
rs1871534,CC
rs1876482,GG
rs1879488,NN
rs192655,AA
rs1950993,NN
rs2001907,CC
rs200354,GG
rs2024566,AG
rs2030763,GG
rs2033111,AG
rs2042762,TT
rs2070586,GG
rs2073821,CC
rs2125345,TT
rs214678,TT
rs2166624,GG
rs2196051,AG
rs2238151,CC
rs2306040,TT
rs2330442,AA
rs2357442,AA
rs2416791,AA
rs2504853,CT
rs2532060,CC
rs2593595,AG
rs260690,AA
rs2627037,GG
rs2702414,GG
rs2814778,TT
rs2835370,TT
rs2899826,AA
rs2946788,TT
rs2966849,GG
rs2986742,CT
rs310644,TT
rs3118378,AG
rs316598,TT
rs316873,CC
rs32314,TT
rs37369,CT
rs3737576,TT
rs3745099,AA
rs3784230,AG
rs3793451,CC
rs3793791,TT
rs3811801,GG
rs3814134,AA
rs3823159,AA
rs3827760,AA
rs385194,AA
rs3907047,TT
rs3916235,CC
rs3943253,AG
rs4411548,CT
rs4458655,CT
rs4463276,AG
rs4471745,GG
rs459920,TT
rs4666200,GG
rs4670767,GG
rs4717865,GG
rs4746136,GG
rs4781011,GT
rs4798812,AA
rs4821004,CT
rs4833103,NN
rs4880436,CT
rs4891825,AG
rs4908343,AG
rs4918664,AA
rs4918842,TT
rs4951629,TT
rs4955316,TT
rs4984913,AA
rs5768007,CT
rs6104567,GG
rs6422347,CT
rs6451722,GG
rs6464211,CT
rs647325,AG
rs6541030,AG
rs6548616,CT
rs6556352,CC
rs671,GG
rs6754311,CT
rs6990312,GT
rs705308,AC
rs7226659,GG
rs7238445,AA
rs7251928,AC
rs731257,GG
rs7326934,GG
rs734873,GG
rs735480,CT
rs7421394,AA
rs7554936,CT
rs7657799,TT
rs7722456,TT
rs772262,GG
rs7745461,AG
rs7803075,GG
rs7844723,CT
rs798443,GG
rs7997709,CT
rs8021730,GT
rs8035124,AA
rs8113143,AA
rs818386,CC
rs870347,AA
rs874299,CT
rs881728,NN
rs917115,CC
rs9291090,AA
rs9319336,TT
rs946918,GG
rs948028,AC
rs9522149,CT
rs9530435,CT
rs9809104,CT
rs9845457,AG
