Target.ID,Genotype
rs10007810,AG
rs10108270,CC
rs10236187,AC
rs1040045,AG
rs1040404,AG
rs10496971,TT
rs10497191,CT
rs10511828,TT
rs10512572,GG
rs10513300,TT
rs1079597,CC
rs10839880,CT
rs10954737,CT
rs11227699,GG
rs11652805,CC
rs12130799,AA
rs1229984,CC
rs12439433,AA
rs12498138,GG
rs12544346,GG
rs12629908,GG
rs12657828,AA
rs12913832,AA
rs1296819,NN
rs1325502,AA
rs13400937,GT
rs1369093,CT
rs1407434,GG
rs1426654,GG
rs1462906,CT
rs1471939,CT
rs1500127,CC
rs1503767,GG
rs1513056,AG
rs1513181,AG
rs1569175,CC
rs1572018,CT
rs16891982,CC
rs174570,CC
rs1760921,TT
rs17642714,AA
rs1800414,TT
rs1834619,GG
rs1837606,CT
rs1871428,AA
rs1871534,GG
rs1876482,GG
rs1879488,CC
rs192655,AG
rs1950993,GT
rs2001907,CC
rs200354,GG
rs2024566,AA
rs2030763,GG
rs2033111,AG
rs2042762,TT
rs2070586,AG
rs2073821,CC
rs2125345,CT
rs214678,TT
rs2166624,AA
rs2196051,AG
rs2238151,CT
rs2306040,TT
rs2330442,GG
rs2357442,AC
rs2416791,AG
rs2504853,TT
rs2532060,CC
rs2593595,AG
rs260690,AA
rs2627037,AG
rs2702414,GG
rs2814778,NN
rs2835370,TT
rs2899826,AG
rs2946788,TT
rs2966849,GG
rs2986742,CC
rs310644,CT
rs3118378,AA
rs316598,CC
rs316873,CC
rs32314,TT
rs37369,TT
rs3737576,TT
rs3745099,AG
rs3784230,AG
rs3793451,CC
rs3793791,TT
rs3811801,GG
rs3814134,GG
rs3823159,AG
rs3827760,AA
rs385194,AA
rs3907047,CT
rs3916235,TT
rs3943253,AG
rs4411548,CT
rs4458655,TT
rs4463276,AG
rs4471745,AG
rs459920,TT
rs4666200,AG
rs4670767,GG
rs4717865,GG
rs4746136,NN
rs4781011,TT
rs4798812,AG
rs4821004,TT
rs4833103,NN
rs4880436,CC
rs4891825,AG
rs4908343,GG
rs4918664,AA
rs4918842,TT
rs4951629,TT
rs4955316,TT
rs4984913,AG
rs5768007,CC
rs6104567,TT
rs6422347,CT
rs6451722,NN
rs6464211,CC
rs647325,AG
rs6541030,AA
rs6548616,CC
rs6556352,TT
rs671,GG
rs6754311,CC
rs6990312,GT
rs705308,AA
rs7226659,GT
rs7238445,AA
rs7251928,AC
rs731257,GG
rs7326934,GG
rs734873,GG
rs735480,CC
rs7421394,AG
rs7554936,CT
rs7657799,GT
rs7722456,CC
rs772262,AG
rs7745461,GG
rs7803075,AG
rs7844723,CT
rs798443,GG
rs7997709,CT
rs8021730,TT
rs8035124,AC
rs8113143,AA
rs818386,CT
rs870347,AA
rs874299,CT
rs881728,CC
rs917115,CT
rs9291090,AA
rs9319336,TT
rs946918,GG
rs948028,CC
rs9522149,TT
rs9530435,TT
rs9809104,CT
rs9845457,AG
